-- MySQL dump 10.13  Distrib 8.0.36, for Win64 (x86_64)
--
-- Host: localhost    Database: vgls2
-- ------------------------------------------------------
-- Server version	8.0.36

/*!40101 SET @OLD_CHARACTER_SET_CLIENT=@@CHARACTER_SET_CLIENT */;
/*!40101 SET @OLD_CHARACTER_SET_RESULTS=@@CHARACTER_SET_RESULTS */;
/*!40101 SET @OLD_COLLATION_CONNECTION=@@COLLATION_CONNECTION */;
/*!50503 SET NAMES utf8 */;
/*!40103 SET @OLD_TIME_ZONE=@@TIME_ZONE */;
/*!40103 SET TIME_ZONE='+00:00' */;
/*!40014 SET @OLD_UNIQUE_CHECKS=@@UNIQUE_CHECKS, UNIQUE_CHECKS=0 */;
/*!40014 SET @OLD_FOREIGN_KEY_CHECKS=@@FOREIGN_KEY_CHECKS, FOREIGN_KEY_CHECKS=0 */;
/*!40101 SET @OLD_SQL_MODE=@@SQL_MODE, SQL_MODE='NO_AUTO_VALUE_ON_ZERO' */;
/*!40111 SET @OLD_SQL_NOTES=@@SQL_NOTES, SQL_NOTES=0 */;

--
-- Table structure for table `consoles`
--

DROP TABLE IF EXISTS `consoles`;
/*!40101 SET @saved_cs_client     = @@character_set_client */;
/*!50503 SET character_set_client = utf8mb4 */;
CREATE TABLE `consoles` (
  `id` int NOT NULL AUTO_INCREMENT,
  `console` varchar(100) NOT NULL,
  `manufacturer_id` int NOT NULL,
  PRIMARY KEY (`id`),
  KEY `manufacturer_fk_idx` (`manufacturer_id`),
  CONSTRAINT `manufacturer_fk` FOREIGN KEY (`manufacturer_id`) REFERENCES `manufacturer` (`id`)
) ENGINE=InnoDB AUTO_INCREMENT=11 DEFAULT CHARSET=utf8mb4 COLLATE=utf8mb4_0900_ai_ci;
/*!40101 SET character_set_client = @saved_cs_client */;

--
-- Dumping data for table `consoles`
--

LOCK TABLES `consoles` WRITE;
/*!40000 ALTER TABLE `consoles` DISABLE KEYS */;
INSERT INTO `consoles` VALUES (1,'Playstation One',2),(2,'X Box 360',3),(3,'X Box One',3),(4,'Super Nintendo',1),(5,'NES',1),(6,'Switch',1),(7,'Playstation 2',2),(8,'Game Cube',1),(9,'Wii',1),(10,'Atari',7);
/*!40000 ALTER TABLE `consoles` ENABLE KEYS */;
UNLOCK TABLES;

--
-- Table structure for table `games`
--

DROP TABLE IF EXISTS `games`;
/*!40101 SET @saved_cs_client     = @@character_set_client */;
/*!50503 SET character_set_client = utf8mb4 */;
CREATE TABLE `games` (
  `id` int NOT NULL AUTO_INCREMENT,
  `videogame` varchar(100) NOT NULL,
  `console_id` int NOT NULL,
  `creator_id` int NOT NULL,
  PRIMARY KEY (`id`),
  KEY `console_fk_idx` (`console_id`),
  KEY `creator_id_fk_idx` (`creator_id`),
  CONSTRAINT `console_fk` FOREIGN KEY (`console_id`) REFERENCES `consoles` (`id`),
  CONSTRAINT `creator_id_fk` FOREIGN KEY (`creator_id`) REFERENCES `manufacturer` (`id`)
) ENGINE=InnoDB AUTO_INCREMENT=5 DEFAULT CHARSET=utf8mb4 COLLATE=utf8mb4_0900_ai_ci;
/*!40101 SET character_set_client = @saved_cs_client */;

--
-- Dumping data for table `games`
--

LOCK TABLES `games` WRITE;
/*!40000 ALTER TABLE `games` DISABLE KEYS */;
INSERT INTO `games` VALUES (1,'Super Mario Brothers / Duck Hunt',5,1),(2,'Rad Racer',5,1),(3,'Animal Crossing',8,1),(4,'Animal Crossing New Horizions',6,1);
/*!40000 ALTER TABLE `games` ENABLE KEYS */;
UNLOCK TABLES;

--
-- Table structure for table `manufacturer`
--

DROP TABLE IF EXISTS `manufacturer`;
/*!40101 SET @saved_cs_client     = @@character_set_client */;
/*!50503 SET character_set_client = utf8mb4 */;
CREATE TABLE `manufacturer` (
  `id` int NOT NULL AUTO_INCREMENT,
  `manufacturer` varchar(100) NOT NULL,
  PRIMARY KEY (`id`)
) ENGINE=InnoDB AUTO_INCREMENT=8 DEFAULT CHARSET=utf8mb4 COLLATE=utf8mb4_0900_ai_ci;
/*!40101 SET character_set_client = @saved_cs_client */;

--
-- Dumping data for table `manufacturer`
--

LOCK TABLES `manufacturer` WRITE;
/*!40000 ALTER TABLE `manufacturer` DISABLE KEYS */;
INSERT INTO `manufacturer` VALUES (1,'Nintendo'),(2,'Sony'),(3,'Microsoft'),(4,'Sega'),(5,'Namco'),(6,'Square Enix'),(7,'Atari SA');
/*!40000 ALTER TABLE `manufacturer` ENABLE KEYS */;
UNLOCK TABLES;

--
-- Table structure for table `reviews`
--

DROP TABLE IF EXISTS `reviews`;
/*!40101 SET @saved_cs_client     = @@character_set_client */;
/*!50503 SET character_set_client = utf8mb4 */;
CREATE TABLE `reviews` (
  `id` int NOT NULL AUTO_INCREMENT,
  `title` varchar(100) NOT NULL,
  `date_posted` datetime NOT NULL,
  `content` longtext NOT NULL,
  `user_id` int NOT NULL,
  PRIMARY KEY (`id`),
  KEY `user_fk_idx` (`user_id`),
  CONSTRAINT `user_fk` FOREIGN KEY (`user_id`) REFERENCES `user` (`id`)
) ENGINE=InnoDB AUTO_INCREMENT=4 DEFAULT CHARSET=utf8mb4 COLLATE=utf8mb4_0900_ai_ci;
/*!40101 SET character_set_client = @saved_cs_client */;

--
-- Dumping data for table `reviews`
--

LOCK TABLES `reviews` WRITE;
/*!40000 ALTER TABLE `reviews` DISABLE KEYS */;
INSERT INTO `reviews` VALUES (1,'Amazing Website','2024-03-15 22:19:53','I love the way that I can create my own video game library and then be able to see how much the collection is possibly worth.',1),(2,'I love this site','2024-03-15 22:21:12','I am looking forward to possibly selling my video game collection to other video game enthusiasts in the future.',2),(3,'Really good site','2024-03-15 22:23:23','I forgot my password, so I was happy to be able to change my password without having to contact the site\'s administrators.',3);
/*!40000 ALTER TABLE `reviews` ENABLE KEYS */;
UNLOCK TABLES;

--
-- Table structure for table `user`
--

DROP TABLE IF EXISTS `user`;
/*!40101 SET @saved_cs_client     = @@character_set_client */;
/*!50503 SET character_set_client = utf8mb4 */;
CREATE TABLE `user` (
  `id` int NOT NULL AUTO_INCREMENT,
  `username` varchar(20) NOT NULL,
  `firstname` varchar(20) NOT NULL,
  `lastname` varchar(20) NOT NULL,
  `password` longtext NOT NULL,
  `image_file` varchar(20) NOT NULL,
  `admin_user` varchar(20) NOT NULL,
  PRIMARY KEY (`id`),
  UNIQUE KEY `username_UNIQUE` (`username`)
) ENGINE=InnoDB AUTO_INCREMENT=5 DEFAULT CHARSET=utf8mb4 COLLATE=utf8mb4_0900_ai_ci;
/*!40101 SET character_set_client = @saved_cs_client */;

--
-- Dumping data for table `user`
--

LOCK TABLES `user` WRITE;
/*!40000 ALTER TABLE `user` DISABLE KEYS */;
INSERT INTO `user` VALUES (1,'niatheangel','Brenda','Beach','$2b$12$8ZRKlA58QA7pdFHaUMpzWOdhpSiM0PgHJWyHCyDR00sdxSZtSOvTm','default.jpg','Admin'),(2,'testuser','Test','User','$2b$12$LUjfP38q6PLv7BB86RWmnuz42nNexNW1cQAnRz3jI58tIQsIinYby','default.jpg','Admin'),(3,'dragon2peer','David','North','$2b$12$.azK9JwUerZQ15bCkVfVveby9eBu3VwSp/dPPP75YigRPTUCYSe/W','default.jpg','User'),(4,'testuser2','test','user2','$2b$12$wswCbOB/4A9d/cQeR5hRMe8cwLVNQS8s3Rs9pz5ImDfJFoRrGM3ji','default.jpg','User');
/*!40000 ALTER TABLE `user` ENABLE KEYS */;
UNLOCK TABLES;
/*!40103 SET TIME_ZONE=@OLD_TIME_ZONE */;

/*!40101 SET SQL_MODE=@OLD_SQL_MODE */;
/*!40014 SET FOREIGN_KEY_CHECKS=@OLD_FOREIGN_KEY_CHECKS */;
/*!40014 SET UNIQUE_CHECKS=@OLD_UNIQUE_CHECKS */;
/*!40101 SET CHARACTER_SET_CLIENT=@OLD_CHARACTER_SET_CLIENT */;
/*!40101 SET CHARACTER_SET_RESULTS=@OLD_CHARACTER_SET_RESULTS */;
/*!40101 SET COLLATION_CONNECTION=@OLD_COLLATION_CONNECTION */;
/*!40111 SET SQL_NOTES=@OLD_SQL_NOTES */;

-- Dump completed on 2024-04-08 15:14:51
